"cruise_id","ship","line","cruise_start_date","cruise_end_date","port_sequence","port_name","place_name","longitude","latitude","stop_kind","is_final_roundtrip_return","included_in_port_statistics","destination_type","destination_status","cruise_confidence"
1,"Disney Wonder","Disney Cruise Line","2005-05-19","2005-05-22",1,"Port Canaveral","United States",-80.6188,28.4103,"departure","false","true","country","Sovereign country","confirmed"
1,"Disney Wonder","Disney Cruise Line","2005-05-19","2005-05-22",2,"Nassau","Bahamas",-77.3386,25.0838,"port call","false","true","country","Sovereign country","confirmed"
1,"Disney Wonder","Disney Cruise Line","2005-05-19","2005-05-22",3,"Castaway Cay","Bahamas",-77.5334,26.0843,"port call","false","true","country","Sovereign country","confirmed"
1,"Disney Wonder","Disney Cruise Line","2005-05-19","2005-05-22",4,"Port Canaveral","United States",-80.6188,28.4103,"round-trip return","true","false","country","Sovereign country","confirmed"
2,"Disney Magic","Disney Cruise Line","2007-02-03","2007-02-10",1,"Port Canaveral","United States",-80.6188,28.4103,"departure","false","true","country","Sovereign country","likely"
2,"Disney Magic","Disney Cruise Line","2007-02-03","2007-02-10",2,"St. Maarten","Sint Maarten",-63.0457,18.008,"port call","false","true","country","Country within the Kingdom of the Netherlands","likely"
2,"Disney Magic","Disney Cruise Line","2007-02-03","2007-02-10",3,"St. Thomas","U.S. Virgin Islands",-64.9235,18.3356,"port call","false","true","territory","U.S. territory","likely"
2,"Disney Magic","Disney Cruise Line","2007-02-03","2007-02-10",4,"Castaway Cay","Bahamas",-77.5334,26.0843,"port call","false","true","country","Sovereign country","likely"
2,"Disney Magic","Disney Cruise Line","2007-02-03","2007-02-10",5,"Port Canaveral","United States",-80.6188,28.4103,"round-trip return","true","false","country","Sovereign country","likely"
3,"Disney Wonder","Disney Cruise Line","2008-08-10","2008-08-14",1,"Port Canaveral","United States",-80.6188,28.4103,"departure","false","true","country","Sovereign country","confirmed"
3,"Disney Wonder","Disney Cruise Line","2008-08-10","2008-08-14",2,"Castaway Cay","Bahamas",-77.5334,26.0843,"port call","false","true","country","Sovereign country","confirmed"
3,"Disney Wonder","Disney Cruise Line","2008-08-10","2008-08-14",3,"Nassau","Bahamas",-77.3386,25.0838,"port call","false","true","country","Sovereign country","confirmed"
3,"Disney Wonder","Disney Cruise Line","2008-08-10","2008-08-14",4,"Castaway Cay","Bahamas",-77.5334,26.0843,"port call","false","true","country","Sovereign country","confirmed"
3,"Disney Wonder","Disney Cruise Line","2008-08-10","2008-08-14",5,"Port Canaveral","United States",-80.6188,28.4103,"round-trip return","true","false","country","Sovereign country","confirmed"
4,"Carnival Triumph","Carnival Cruise Line","2009-03-15","2009-03-22",1,"Miami","United States",-80.1765,25.7783,"departure","false","true","country","Sovereign country","likely"
4,"Carnival Triumph","Carnival Cruise Line","2009-03-15","2009-03-22",2,"San Juan","Puerto Rico",-66.1107,18.4598,"port call","false","true","territory","U.S. territory · Commonwealth","likely"
4,"Carnival Triumph","Carnival Cruise Line","2009-03-15","2009-03-22",3,"St. Thomas","U.S. Virgin Islands",-64.9235,18.3356,"port call","false","true","territory","U.S. territory","likely"
4,"Carnival Triumph","Carnival Cruise Line","2009-03-15","2009-03-22",4,"St. Maarten","Sint Maarten",-63.0457,18.008,"port call","false","true","country","Country within the Kingdom of the Netherlands","likely"
4,"Carnival Triumph","Carnival Cruise Line","2009-03-15","2009-03-22",5,"Miami","United States",-80.1765,25.7783,"round-trip return","true","false","country","Sovereign country","likely"
5,"Carnival Fascination","Carnival Cruise Line","2009-08-08","2009-08-13",1,"Jacksonville","United States",-81.5784,30.4084,"departure","false","true","country","Sovereign country","likely"
5,"Carnival Fascination","Carnival Cruise Line","2009-08-08","2009-08-13",2,"Nassau","Bahamas",-77.3386,25.0838,"port call","false","true","country","Sovereign country","likely"
5,"Carnival Fascination","Carnival Cruise Line","2009-08-08","2009-08-13",3,"Half Moon Cay","Bahamas",-75.95,24.576,"port call","false","true","country","Sovereign country","likely"
5,"Carnival Fascination","Carnival Cruise Line","2009-08-08","2009-08-13",4,"Jacksonville","United States",-81.5784,30.4084,"round-trip return","true","false","country","Sovereign country","likely"
6,"Carnival Liberty","Carnival Cruise Line","2010-01-23","2010-01-30",1,"Miami","United States",-80.1765,25.7783,"departure","false","true","country","Sovereign country","likely"
6,"Carnival Liberty","Carnival Cruise Line","2010-01-23","2010-01-30",2,"Half Moon Cay","Bahamas",-75.95,24.576,"port call","false","true","country","Sovereign country","likely"
6,"Carnival Liberty","Carnival Cruise Line","2010-01-23","2010-01-30",3,"St. Thomas","U.S. Virgin Islands",-64.9235,18.3356,"port call","false","true","territory","U.S. territory","likely"
6,"Carnival Liberty","Carnival Cruise Line","2010-01-23","2010-01-30",4,"San Juan","Puerto Rico",-66.1107,18.4598,"port call","false","true","territory","U.S. territory · Commonwealth","likely"
6,"Carnival Liberty","Carnival Cruise Line","2010-01-23","2010-01-30",5,"Grand Turk","Turks and Caicos Islands",-71.1466,21.4287,"port call","false","true","territory","British Overseas Territory","likely"
6,"Carnival Liberty","Carnival Cruise Line","2010-01-23","2010-01-30",6,"Miami","United States",-80.1765,25.7783,"round-trip return","true","false","country","Sovereign country","likely"
7,"Carnival Freedom","Carnival Cruise Line","2011-01-15","2011-01-23",1,"Fort Lauderdale","United States",-80.1159,26.094,"departure","false","true","country","Sovereign country","confirmed"
7,"Carnival Freedom","Carnival Cruise Line","2011-01-15","2011-01-23",2,"Cozumel","Mexico",-86.9484,20.5118,"port call","false","true","country","Sovereign country","confirmed"
7,"Carnival Freedom","Carnival Cruise Line","2011-01-15","2011-01-23",3,"Puerto Limón","Costa Rica",-83.0246,9.9915,"port call","false","true","country","Sovereign country","confirmed"
7,"Carnival Freedom","Carnival Cruise Line","2011-01-15","2011-01-23",4,"Colón","Panama",-79.8916,9.3613,"port call","false","true","country","Sovereign country","confirmed"
7,"Carnival Freedom","Carnival Cruise Line","2011-01-15","2011-01-23",5,"Fort Lauderdale","United States",-80.1159,26.094,"round-trip return","true","false","country","Sovereign country","confirmed"
8,"Oosterdam","Holland America Line","2011-06-05","2011-06-12",1,"Seattle","United States",-122.3795,47.6335,"departure","false","true","country","Sovereign country","confirmed"
8,"Oosterdam","Holland America Line","2011-06-05","2011-06-12",2,"Glacier Bay","United States",-136.1521,58.8056,"scenic cruising","false","false","country","Sovereign country","confirmed"
8,"Oosterdam","Holland America Line","2011-06-05","2011-06-12",3,"Juneau","United States",-134.4119,58.2984,"port call","false","true","country","Sovereign country","confirmed"
8,"Oosterdam","Holland America Line","2011-06-05","2011-06-12",4,"Sitka","United States",-135.3961,57.121,"port call","false","true","country","Sovereign country","confirmed"
8,"Oosterdam","Holland America Line","2011-06-05","2011-06-12",5,"Ketchikan","United States",-131.6505,55.3422,"port call","false","true","country","Sovereign country","confirmed"
8,"Oosterdam","Holland America Line","2011-06-05","2011-06-12",6,"Victoria","Canada",-123.3901,48.4154,"port call","false","true","country","Sovereign country","confirmed"
8,"Oosterdam","Holland America Line","2011-06-05","2011-06-12",7,"Seattle","United States",-122.3795,47.6335,"round-trip return","true","false","country","Sovereign country","confirmed"
9,"Carnival Magic","Carnival Cruise Line","2012-02-19","2012-02-26",1,"Galveston","United States",-94.7927,29.3102,"departure","false","true","country","Sovereign country","likely"
9,"Carnival Magic","Carnival Cruise Line","2012-02-19","2012-02-26",2,"Montego Bay","Jamaica",-77.9445,18.4618,"port call","false","true","country","Sovereign country","likely"
9,"Carnival Magic","Carnival Cruise Line","2012-02-19","2012-02-26",3,"Grand Cayman","Cayman Islands",-81.3831,19.2965,"port call","false","true","territory","British Overseas Territory","likely"
9,"Carnival Magic","Carnival Cruise Line","2012-02-19","2012-02-26",4,"Cozumel","Mexico",-86.9484,20.5118,"port call","false","true","country","Sovereign country","likely"
9,"Carnival Magic","Carnival Cruise Line","2012-02-19","2012-02-26",5,"Galveston","United States",-94.7927,29.3102,"round-trip return","true","false","country","Sovereign country","likely"
10,"Carnival Sunshine","Carnival Cruise Line","2013-06-07","2013-06-16",1,"Barcelona","Spain",2.1688,41.344,"departure","false","true","country","Sovereign country","confirmed"
10,"Carnival Sunshine","Carnival Cruise Line","2013-06-07","2013-06-16",2,"Marseille","France",5.3392,43.3393,"port call","false","true","country","Sovereign country","confirmed"
10,"Carnival Sunshine","Carnival Cruise Line","2013-06-07","2013-06-16",3,"Livorno (Florence/Pisa)","Italy",10.2998,43.5512,"port call","false","true","country","Sovereign country","confirmed"
10,"Carnival Sunshine","Carnival Cruise Line","2013-06-07","2013-06-16",4,"Civitavecchia (Rome)","Italy",11.7878,42.0954,"port call","false","true","country","Sovereign country","confirmed"
10,"Carnival Sunshine","Carnival Cruise Line","2013-06-07","2013-06-16",5,"Naples","Italy",14.2536,40.8374,"port call","false","true","country","Sovereign country","confirmed"
10,"Carnival Sunshine","Carnival Cruise Line","2013-06-07","2013-06-16",6,"Messina","Italy",15.5587,38.1908,"port call","false","true","country","Sovereign country","confirmed"
10,"Carnival Sunshine","Carnival Cruise Line","2013-06-07","2013-06-16",7,"Dubrovnik","Croatia",18.0867,42.6603,"port call","false","true","country","Sovereign country","confirmed"
10,"Carnival Sunshine","Carnival Cruise Line","2013-06-07","2013-06-16",8,"Venice","Italy",12.3074,45.4366,"arrival","false","true","country","Sovereign country","confirmed"
11,"Carnival Elation","Carnival Cruise Line","2013-12-28","2014-01-02",1,"New Orleans","United States",-90.0602,29.9366,"departure","false","true","country","Sovereign country","likely"
11,"Carnival Elation","Carnival Cruise Line","2013-12-28","2014-01-02",2,"Progreso","Mexico",-89.6834,21.3428,"port call","false","true","country","Sovereign country","likely"
11,"Carnival Elation","Carnival Cruise Line","2013-12-28","2014-01-02",3,"Cozumel","Mexico",-86.9484,20.5118,"port call","false","true","country","Sovereign country","likely"
11,"Carnival Elation","Carnival Cruise Line","2013-12-28","2014-01-02",4,"New Orleans","United States",-90.0602,29.9366,"round-trip return","true","false","country","Sovereign country","likely"
12,"Allure of the Seas","Royal Caribbean","2014-03-16","2014-03-23",1,"Fort Lauderdale","United States",-80.1159,26.094,"departure","false","true","country","Sovereign country","likely"
12,"Allure of the Seas","Royal Caribbean","2014-03-16","2014-03-23",2,"Nassau","Bahamas",-77.3386,25.0838,"port call","false","true","country","Sovereign country","likely"
12,"Allure of the Seas","Royal Caribbean","2014-03-16","2014-03-23",3,"St. Thomas","U.S. Virgin Islands",-64.9235,18.3356,"port call","false","true","territory","U.S. territory","likely"
12,"Allure of the Seas","Royal Caribbean","2014-03-16","2014-03-23",4,"St. Maarten","Sint Maarten",-63.0457,18.008,"port call","false","true","country","Country within the Kingdom of the Netherlands","likely"
12,"Allure of the Seas","Royal Caribbean","2014-03-16","2014-03-23",5,"Fort Lauderdale","United States",-80.1159,26.094,"round-trip return","true","false","country","Sovereign country","likely"
13,"Celebrity Reflection","Celebrity Cruises","2014-06-02","2014-06-13",1,"Civitavecchia (Rome)","Italy",11.7878,42.0954,"departure","false","true","country","Sovereign country","confirmed"
13,"Celebrity Reflection","Celebrity Cruises","2014-06-02","2014-06-13",2,"Santorini","Greece",25.4246,36.4164,"port call","false","true","country","Sovereign country","confirmed"
13,"Celebrity Reflection","Celebrity Cruises","2014-06-02","2014-06-13",3,"Istanbul","Turkey",28.9838,41.0273,"port call","false","true","country","Sovereign country","confirmed"
13,"Celebrity Reflection","Celebrity Cruises","2014-06-02","2014-06-13",4,"Kuşadası (Ephesus)","Turkey",27.2573,37.8634,"port call","false","true","country","Sovereign country","confirmed"
13,"Celebrity Reflection","Celebrity Cruises","2014-06-02","2014-06-13",5,"Mykonos","Greece",25.329,37.464,"port call","false","true","country","Sovereign country","confirmed"
13,"Celebrity Reflection","Celebrity Cruises","2014-06-02","2014-06-13",6,"Athens (Piraeus)","Greece",23.6275,37.9364,"port call","false","true","country","Sovereign country","confirmed"
13,"Celebrity Reflection","Celebrity Cruises","2014-06-02","2014-06-13",7,"Naples","Italy",14.2536,40.8374,"port call","false","true","country","Sovereign country","confirmed"
13,"Celebrity Reflection","Celebrity Cruises","2014-06-02","2014-06-13",8,"Civitavecchia (Rome)","Italy",11.7878,42.0954,"round-trip return","true","false","country","Sovereign country","confirmed"
14,"Celebrity Summit","Celebrity Cruises","2015-03-14","2015-03-21",1,"San Juan","Puerto Rico",-66.1107,18.4598,"departure","false","true","territory","U.S. territory · Commonwealth","confirmed"
14,"Celebrity Summit","Celebrity Cruises","2015-03-14","2015-03-21",2,"St. Croix","U.S. Virgin Islands",-64.8836,17.7147,"port call","false","true","territory","U.S. territory","confirmed"
14,"Celebrity Summit","Celebrity Cruises","2015-03-14","2015-03-21",3,"St. Kitts","Saint Kitts and Nevis",-62.7266,17.2928,"port call","false","true","country","Sovereign country","confirmed"
14,"Celebrity Summit","Celebrity Cruises","2015-03-14","2015-03-21",4,"Dominica","Dominica",-61.3893,15.2994,"port call","false","true","country","Sovereign country","confirmed"
14,"Celebrity Summit","Celebrity Cruises","2015-03-14","2015-03-21",5,"Grenada","Grenada",-61.7548,12.0486,"port call","false","true","country","Sovereign country","confirmed"
14,"Celebrity Summit","Celebrity Cruises","2015-03-14","2015-03-21",6,"St. Thomas","U.S. Virgin Islands",-64.9235,18.3356,"port call","false","true","territory","U.S. territory","confirmed"
14,"Celebrity Summit","Celebrity Cruises","2015-03-14","2015-03-21",7,"San Juan","Puerto Rico",-66.1107,18.4598,"round-trip return","true","false","territory","U.S. territory · Commonwealth","confirmed"
15,"Celebrity Silhouette","Celebrity Cruises","2015-05-28","2015-06-09",1,"Stockholm","Sweden",18.0903,59.3226,"departure","false","true","country","Sovereign country","confirmed"
15,"Celebrity Silhouette","Celebrity Cruises","2015-05-28","2015-06-09",2,"Helsinki","Finland",24.9616,60.1532,"port call","false","true","country","Sovereign country","confirmed"
15,"Celebrity Silhouette","Celebrity Cruises","2015-05-28","2015-06-09",3,"St. Petersburg","Russia",30.189,59.9414,"port call","false","true","country","Sovereign country","confirmed"
15,"Celebrity Silhouette","Celebrity Cruises","2015-05-28","2015-06-09",4,"Tallinn","Estonia",24.7644,59.4495,"port call","false","true","country","Sovereign country","confirmed"
15,"Celebrity Silhouette","Celebrity Cruises","2015-05-28","2015-06-09",5,"Warnemünde (Berlin)","Germany",12.0937,54.1769,"port call","false","true","country","Sovereign country","confirmed"
15,"Celebrity Silhouette","Celebrity Cruises","2015-05-28","2015-06-09",6,"Fredericia","Denmark",9.7533,55.558,"port call","false","true","country","Sovereign country","confirmed"
15,"Celebrity Silhouette","Celebrity Cruises","2015-05-28","2015-06-09",7,"Copenhagen","Denmark",12.606,55.7082,"port call","false","true","country","Sovereign country","confirmed"
15,"Celebrity Silhouette","Celebrity Cruises","2015-05-28","2015-06-09",8,"Amsterdam","Netherlands",4.9215,52.3778,"arrival","false","true","country","Sovereign country","confirmed"
16,"Celebrity Summit","Celebrity Cruises","2016-03-19","2016-03-26",1,"San Juan","Puerto Rico",-66.1107,18.4598,"departure","false","true","territory","U.S. territory · Commonwealth","confirmed"
16,"Celebrity Summit","Celebrity Cruises","2016-03-19","2016-03-26",2,"Barbados","Barbados",-59.6315,13.1007,"port call","false","true","country","Sovereign country","confirmed"
16,"Celebrity Summit","Celebrity Cruises","2016-03-19","2016-03-26",3,"St. Lucia","Saint Lucia",-60.9931,14.0101,"port call","false","true","country","Sovereign country","confirmed"
16,"Celebrity Summit","Celebrity Cruises","2016-03-19","2016-03-26",4,"Antigua","Antigua and Barbuda",-61.8512,17.1237,"port call","false","true","country","Sovereign country","confirmed"
16,"Celebrity Summit","Celebrity Cruises","2016-03-19","2016-03-26",5,"St. Maarten","Sint Maarten",-63.0457,18.008,"port call","false","true","country","Country within the Kingdom of the Netherlands","confirmed"
16,"Celebrity Summit","Celebrity Cruises","2016-03-19","2016-03-26",6,"St. Thomas","U.S. Virgin Islands",-64.9235,18.3356,"port call","false","true","territory","U.S. territory","confirmed"
16,"Celebrity Summit","Celebrity Cruises","2016-03-19","2016-03-26",7,"San Juan","Puerto Rico",-66.1107,18.4598,"round-trip return","true","false","territory","U.S. territory · Commonwealth","confirmed"
17,"Celebrity Silhouette","Celebrity Cruises","2016-07-13","2016-07-25",1,"Amsterdam","Netherlands",4.9215,52.3778,"departure","false","true","country","Sovereign country","confirmed"
17,"Celebrity Silhouette","Celebrity Cruises","2016-07-13","2016-07-25",2,"Belfast","United Kingdom",-5.8861,54.6357,"port call","false","true","country","Sovereign country","confirmed"
17,"Celebrity Silhouette","Celebrity Cruises","2016-07-13","2016-07-25",3,"Ayr","United Kingdom",-4.6404,55.4678,"port call","false","true","country","Sovereign country","confirmed"
17,"Celebrity Silhouette","Celebrity Cruises","2016-07-13","2016-07-25",4,"Glasgow (Greenock)","United Kingdom",-4.758,55.9541,"port call","false","true","country","Sovereign country","confirmed"
17,"Celebrity Silhouette","Celebrity Cruises","2016-07-13","2016-07-25",5,"Liverpool","United Kingdom",-2.9983,53.4054,"port call","false","true","country","Sovereign country","confirmed"
17,"Celebrity Silhouette","Celebrity Cruises","2016-07-13","2016-07-25",6,"Dún Laoghaire (Dublin)","Ireland",-6.1348,53.2965,"port call","false","true","country","Sovereign country","confirmed"
17,"Celebrity Silhouette","Celebrity Cruises","2016-07-13","2016-07-25",7,"Cork (Cobh)","Ireland",-8.2974,51.8483,"port call","false","true","country","Sovereign country","confirmed"
17,"Celebrity Silhouette","Celebrity Cruises","2016-07-13","2016-07-25",8,"St. Peter Port (Guernsey)","Guernsey",-2.5322,49.4563,"port call","false","true","territory","Crown Dependency","confirmed"
17,"Celebrity Silhouette","Celebrity Cruises","2016-07-13","2016-07-25",9,"Le Havre (Paris)","France",0.1197,49.4815,"port call","false","true","country","Sovereign country","confirmed"
17,"Celebrity Silhouette","Celebrity Cruises","2016-07-13","2016-07-25",10,"Amsterdam","Netherlands",4.9215,52.3778,"round-trip return","true","false","country","Sovereign country","confirmed"
18,"Carnival Sunshine","Carnival Cruise Line","2017-03-12","2017-03-17",1,"Port Canaveral","United States",-80.6188,28.4103,"departure","false","true","country","Sovereign country","confirmed"
18,"Carnival Sunshine","Carnival Cruise Line","2017-03-12","2017-03-17",2,"Amber Cove","Dominican Republic",-70.744,19.8331,"port call","false","true","country","Sovereign country","confirmed"
18,"Carnival Sunshine","Carnival Cruise Line","2017-03-12","2017-03-17",3,"Grand Turk","Turks and Caicos Islands",-71.1466,21.4287,"port call","false","true","territory","British Overseas Territory","confirmed"
18,"Carnival Sunshine","Carnival Cruise Line","2017-03-12","2017-03-17",4,"Port Canaveral","United States",-80.6188,28.4103,"round-trip return","true","false","country","Sovereign country","confirmed"
19,"Carnival Liberty","Carnival Cruise Line","2017-12-21","2017-12-24",1,"Port Canaveral","United States",-80.6188,28.4103,"departure","false","true","country","Sovereign country","confirmed"
19,"Carnival Liberty","Carnival Cruise Line","2017-12-21","2017-12-24",2,"Nassau","Bahamas",-77.3386,25.0838,"port call","false","true","country","Sovereign country","confirmed"
19,"Carnival Liberty","Carnival Cruise Line","2017-12-21","2017-12-24",3,"Port Canaveral","United States",-80.6188,28.4103,"round-trip return","true","false","country","Sovereign country","confirmed"
20,"Celebrity Reflection","Celebrity Cruises","2018-08-15","2018-08-21",1,"Civitavecchia (Rome)","Italy",11.7878,42.0954,"departure","false","true","country","Sovereign country","confirmed"
20,"Celebrity Reflection","Celebrity Cruises","2018-08-15","2018-08-21",2,"La Spezia","Italy",9.8301,44.1039,"port call","false","true","country","Sovereign country","confirmed"
20,"Celebrity Reflection","Celebrity Cruises","2018-08-15","2018-08-21",3,"Villefranche","France",7.3107,43.7045,"port call","false","true","country","Sovereign country","confirmed"
20,"Celebrity Reflection","Celebrity Cruises","2018-08-15","2018-08-21",4,"Ajaccio","France",8.7424,41.919,"port call","false","true","country","Sovereign country","confirmed"
20,"Celebrity Reflection","Celebrity Cruises","2018-08-15","2018-08-21",5,"Cagliari","Italy",9.1108,39.2101,"port call","false","true","country","Sovereign country","confirmed"
20,"Celebrity Reflection","Celebrity Cruises","2018-08-15","2018-08-21",6,"Naples","Italy",14.2536,40.8374,"port call","false","true","country","Sovereign country","confirmed"
20,"Celebrity Reflection","Celebrity Cruises","2018-08-15","2018-08-21",7,"Civitavecchia (Rome)","Italy",11.7878,42.0954,"round-trip return","true","false","country","Sovereign country","confirmed"
21,"Norwegian Sky","Norwegian Cruise Line","2019-06-03","2019-06-07",1,"Miami","United States",-80.1765,25.7783,"departure","false","true","country","Sovereign country","confirmed"
21,"Norwegian Sky","Norwegian Cruise Line","2019-06-03","2019-06-07",2,"Havana","Cuba",-82.3506,23.1396,"port call","false","true","country","Sovereign country","confirmed"
21,"Norwegian Sky","Norwegian Cruise Line","2019-06-03","2019-06-07",3,"Great Stirrup Cay","Bahamas",-77.9086,25.8267,"port call","false","true","country","Sovereign country","confirmed"
21,"Norwegian Sky","Norwegian Cruise Line","2019-06-03","2019-06-07",4,"Miami","United States",-80.1765,25.7783,"round-trip return","true","false","country","Sovereign country","confirmed"
22,"Emerald Princess","Princess Cruises","2019-08-03","2019-08-10",1,"Athens (Piraeus)","Greece",23.6275,37.9364,"departure","false","true","country","Sovereign country","confirmed"
22,"Emerald Princess","Princess Cruises","2019-08-03","2019-08-10",2,"Santorini","Greece",25.4246,36.4164,"port call","false","true","country","Sovereign country","confirmed"
22,"Emerald Princess","Princess Cruises","2019-08-03","2019-08-10",3,"Kotor","Montenegro",18.7693,42.4243,"port call","false","true","country","Sovereign country","confirmed"
22,"Emerald Princess","Princess Cruises","2019-08-03","2019-08-10",4,"Messina","Italy",15.5587,38.1908,"port call","false","true","country","Sovereign country","confirmed"
22,"Emerald Princess","Princess Cruises","2019-08-03","2019-08-10",5,"Naples","Italy",14.2536,40.8374,"port call","false","true","country","Sovereign country","confirmed"
22,"Emerald Princess","Princess Cruises","2019-08-03","2019-08-10",6,"Barcelona","Spain",2.1688,41.344,"arrival","false","true","country","Sovereign country","confirmed"
23,"Carnival Magic","Carnival Cruise Line","2021-08-12","2021-08-16",1,"Port Canaveral","United States",-80.6188,28.4103,"departure","false","true","country","Sovereign country","confirmed"
23,"Carnival Magic","Carnival Cruise Line","2021-08-12","2021-08-16",2,"Nassau","Bahamas",-77.3386,25.0838,"port call","false","true","country","Sovereign country","confirmed"
23,"Carnival Magic","Carnival Cruise Line","2021-08-12","2021-08-16",3,"Half Moon Cay","Bahamas",-75.95,24.576,"port call","false","true","country","Sovereign country","confirmed"
23,"Carnival Magic","Carnival Cruise Line","2021-08-12","2021-08-16",4,"Port Canaveral","United States",-80.6188,28.4103,"round-trip return","true","false","country","Sovereign country","confirmed"
24,"Mardi Gras","Carnival Cruise Line","2022-03-12","2022-03-19",1,"Port Canaveral","United States",-80.6188,28.4103,"departure","false","true","country","Sovereign country","confirmed"
24,"Mardi Gras","Carnival Cruise Line","2022-03-12","2022-03-19",2,"Nassau","Bahamas",-77.3386,25.0838,"port call","false","true","country","Sovereign country","confirmed"
24,"Mardi Gras","Carnival Cruise Line","2022-03-12","2022-03-19",3,"Amber Cove","Dominican Republic",-70.744,19.8331,"port call","false","true","country","Sovereign country","confirmed"
24,"Mardi Gras","Carnival Cruise Line","2022-03-12","2022-03-19",4,"Grand Turk","Turks and Caicos Islands",-71.1466,21.4287,"port call","false","true","territory","British Overseas Territory","confirmed"
24,"Mardi Gras","Carnival Cruise Line","2022-03-12","2022-03-19",5,"Port Canaveral","United States",-80.6188,28.4103,"round-trip return","true","false","country","Sovereign country","confirmed"
25,"Regal Princess","Princess Cruises","2022-06-11","2022-06-18",1,"Barcelona","Spain",2.1688,41.344,"departure","false","true","country","Sovereign country","confirmed"
25,"Regal Princess","Princess Cruises","2022-06-11","2022-06-18",2,"Gibraltar","Gibraltar",-5.3589,36.1405,"port call","false","true","territory","British Overseas Territory","confirmed"
25,"Regal Princess","Princess Cruises","2022-06-11","2022-06-18",3,"Marseille","France",5.3392,43.3393,"port call","false","true","country","Sovereign country","confirmed"
25,"Regal Princess","Princess Cruises","2022-06-11","2022-06-18",4,"Genoa","Italy",8.9177,44.4071,"port call","false","true","country","Sovereign country","confirmed"
25,"Regal Princess","Princess Cruises","2022-06-11","2022-06-18",5,"Livorno (Florence/Pisa)","Italy",10.2998,43.5512,"port call","false","true","country","Sovereign country","confirmed"
25,"Regal Princess","Princess Cruises","2022-06-11","2022-06-18",6,"Civitavecchia (Rome)","Italy",11.7878,42.0954,"arrival","false","true","country","Sovereign country","confirmed"
26,"Norwegian Bliss","Norwegian Cruise Line","2022-12-31","2023-01-07",1,"Miami","United States",-80.1765,25.7783,"departure","false","true","country","Sovereign country","confirmed"
26,"Norwegian Bliss","Norwegian Cruise Line","2022-12-31","2023-01-07",2,"Roatán","Honduras",-86.5375,16.3174,"port call","false","true","country","Sovereign country","confirmed"
26,"Norwegian Bliss","Norwegian Cruise Line","2022-12-31","2023-01-07",3,"Harvest Caye","Belize",-88.4012,16.4847,"port call","false","true","country","Sovereign country","confirmed"
26,"Norwegian Bliss","Norwegian Cruise Line","2022-12-31","2023-01-07",4,"Costa Maya","Mexico",-87.6958,18.7332,"port call","false","true","country","Sovereign country","confirmed"
26,"Norwegian Bliss","Norwegian Cruise Line","2022-12-31","2023-01-07",5,"Cozumel","Mexico",-86.9484,20.5118,"port call","false","true","country","Sovereign country","confirmed"
26,"Norwegian Bliss","Norwegian Cruise Line","2022-12-31","2023-01-07",6,"Miami","United States",-80.1765,25.7783,"round-trip return","true","false","country","Sovereign country","confirmed"
27,"Celebrity Solstice","Celebrity Cruises","2023-03-11","2023-03-18",1,"Los Angeles (San Pedro)","United States",-118.277,33.7441,"departure","false","true","country","Sovereign country","likely"
27,"Celebrity Solstice","Celebrity Cruises","2023-03-11","2023-03-18",2,"Cabo San Lucas","Mexico",-109.9126,22.8808,"port call","false","true","country","Sovereign country","likely"
27,"Celebrity Solstice","Celebrity Cruises","2023-03-11","2023-03-18",3,"Mazatlán","Mexico",-106.4102,23.186,"port call","false","true","country","Sovereign country","likely"
27,"Celebrity Solstice","Celebrity Cruises","2023-03-11","2023-03-18",4,"San Diego","United States",-117.1732,32.7171,"port call","false","true","country","Sovereign country","likely"
27,"Celebrity Solstice","Celebrity Cruises","2023-03-11","2023-03-18",5,"Los Angeles (San Pedro)","United States",-118.277,33.7441,"round-trip return","true","false","country","Sovereign country","likely"
28,"Celebrity Millennium","Celebrity Cruises","2024-07-02","2024-07-14",1,"Yokohama (Tokyo)","Japan",139.6489,35.4511,"departure","false","true","country","Sovereign country","confirmed"
28,"Celebrity Millennium","Celebrity Cruises","2024-07-02","2024-07-14",2,"Kobe","Japan",135.1991,34.682,"port call","false","true","country","Sovereign country","confirmed"
28,"Celebrity Millennium","Celebrity Cruises","2024-07-02","2024-07-14",3,"Osaka","Japan",135.4282,34.6546,"port call","false","true","country","Sovereign country","confirmed"
28,"Celebrity Millennium","Celebrity Cruises","2024-07-02","2024-07-14",4,"Kochi","Japan",133.5707,33.4987,"port call","false","true","country","Sovereign country","confirmed"
28,"Celebrity Millennium","Celebrity Cruises","2024-07-02","2024-07-14",5,"Hiroshima","Japan",132.4648,34.35,"port call","false","true","country","Sovereign country","confirmed"
28,"Celebrity Millennium","Celebrity Cruises","2024-07-02","2024-07-14",6,"Jeju","South Korea",126.5437,33.5211,"port call","false","true","country","Sovereign country","confirmed"
28,"Celebrity Millennium","Celebrity Cruises","2024-07-02","2024-07-14",7,"Kagoshima","Japan",130.5699,31.5786,"port call","false","true","country","Sovereign country","confirmed"
28,"Celebrity Millennium","Celebrity Cruises","2024-07-02","2024-07-14",8,"Shimizu (Mount Fuji)","Japan",138.5152,35.0258,"port call","false","true","country","Sovereign country","confirmed"
28,"Celebrity Millennium","Celebrity Cruises","2024-07-02","2024-07-14",9,"Yokohama (Tokyo)","Japan",139.6489,35.4511,"round-trip return","true","false","country","Sovereign country","confirmed"
29,"Mardi Gras","Carnival Cruise Line","2025-06-07","2025-06-15",1,"Port Canaveral","United States",-80.6188,28.4103,"departure","false","true","country","Sovereign country","confirmed"
29,"Mardi Gras","Carnival Cruise Line","2025-06-07","2025-06-15",2,"Aruba","Aruba",-70.0409,12.5211,"port call","false","true","country","Country within the Kingdom of the Netherlands","confirmed"
29,"Mardi Gras","Carnival Cruise Line","2025-06-07","2025-06-15",3,"Curaçao","Curaçao",-68.935,12.109,"port call","false","true","country","Country within the Kingdom of the Netherlands","confirmed"
29,"Mardi Gras","Carnival Cruise Line","2025-06-07","2025-06-15",4,"Amber Cove","Dominican Republic",-70.744,19.8331,"port call","false","true","country","Sovereign country","confirmed"
29,"Mardi Gras","Carnival Cruise Line","2025-06-07","2025-06-15",5,"Port Canaveral","United States",-80.6188,28.4103,"round-trip return","true","false","country","Sovereign country","confirmed"
